text,summary
Alice opened the meeting by summarizing last week's progress. Bob raised concerns about delays in the dev team. Claire proposed shifting deadlines. Final decision: extra support will be allocated.,Meeting discussed delays. Claire suggested deadline shift. Extra support planned.
"During the quarterly planning session, the marketing team proposed a new campaign. Finance expressed concerns over budget. A consensus was reached to pilot the campaign regionally.",Marketing suggested campaign. Finance raised budget issues. Regional pilot approved.
The meeting focused on performance reviews. Several employees were recognized. Managers agreed on revised KPIs for the next quarter.,Performance review meeting. Recognitions noted. KPIs revised for next quarter.
Discussion about remote work policy changes. HR presented a hybrid model. Employees requested more flexibility. Management promised a follow-up survey.,Remote policy discussed. HR suggested hybrid model. Survey to follow.
"Project kickoff meeting with engineering, product, and sales teams. Key objectives were aligned. Launch date set for Q2.",Kickoff meeting set Q2 launch. Teams aligned on goals.
Customer feedback was analyzed. Complaints were mostly about response time. Support team will increase coverage during peak hours.,Feedback shows slow response times. Support coverage to increase during peaks.
Legal team updated everyone on new compliance requirements. Product team noted potential delays. A working group will address integration challenges.,Compliance updates shared. Integration delays expected. New working group created.
Hiring update: 3 new engineers onboarded. HR shared onboarding feedback. Technical leads discussed mentorship assignments.,Hiring update: 3 engineers joined. Mentorships planned by tech leads.
Budget review meeting: Q1 overspending identified in marketing. Finance suggested reallocation. Marketing agreed to trim ad spend.,Q1 budget overrun in marketing. Ad spend reduction agreed.
Sales presented quarterly performance. Results exceeded expectations. Bonuses for the team were approved.,Sales exceeded targets. Bonuses approved.
